dataset,model,variable,pct_of_current,model_outcome,true_outcome
pharma_brand,TreeMMM,rep_visits,0.0,399.9986787410246,444.4032478248782
pharma_brand,TreeMMM,rep_visits,0.15,1319.2415255824897,800.1126116088252
pharma_brand,TreeMMM,rep_visits,0.3,1481.091948473325,1141.7097886659774
pharma_brand,TreeMMM,rep_visits,0.44999999999999996,1643.5389721526421,1445.8132141384522
pharma_brand,TreeMMM,rep_visits,0.6,1881.088419245232,1712.778270253097
pharma_brand,TreeMMM,rep_visits,0.75,2235.4372182864927,1954.5544587869222
pharma_brand,TreeMMM,rep_visits,0.8999999999999999,2377.3467240298974,2179.305311641153
pharma_brand,TreeMMM,rep_visits,1.05,2377.3537471109516,2393.579231205767
pharma_brand,TreeMMM,rep_visits,1.2,2589.9510422551484,2596.8903045201223
pharma_brand,TreeMMM,rep_visits,1.3499999999999999,3011.574561302078,2806.202998515505
pharma_brand,TreeMMM,rep_visits,1.5,3011.87769171199,3003.7606979417933
pharma_brand,TreeMMM,dtc_advertising,0.0,1242.554735352461,1217.201090585289
pharma_brand,TreeMMM,dtc_advertising,0.15,1503.579069327366,1453.6577363252711
pharma_brand,TreeMMM,dtc_advertising,0.3,1565.1981255817,1621.35257818921
pharma_brand,TreeMMM,dtc_advertising,0.44999999999999996,1736.11287465299,1774.9907373119063
pharma_brand,TreeMMM,dtc_advertising,0.6,1891.4465986827843,1919.191262607662
pharma_brand,TreeMMM,dtc_advertising,0.75,2083.6675002249817,2055.66048184877
pharma_brand,TreeMMM,dtc_advertising,0.8999999999999999,2233.9867104607047,2186.680585985539
pharma_brand,TreeMMM,dtc_advertising,1.05,2244.4553629545544,2313.5186574349286
pharma_brand,TreeMMM,dtc_advertising,1.2,2438.3173355026383,2436.144566268109
pharma_brand,TreeMMM,dtc_advertising,1.3499999999999999,2531.251406328154,2556.86501707101
pharma_brand,TreeMMM,dtc_advertising,1.5,2645.5125992381872,2677.483213480451
pharma_brand,TreeMMM,samples,0.0,999.1096299908721,1032.4564622154567
pharma_brand,TreeMMM,samples,0.15,1420.25108592002,1239.796901151801
pharma_brand,TreeMMM,samples,0.3,1597.2475110915293,1445.2226507942696
pharma_brand,TreeMMM,samples,0.44999999999999996,1713.6263186345432,1640.9872812819372
pharma_brand,TreeMMM,samples,0.6,1902.6355640243082,1827.768350038109
pharma_brand,TreeMMM,samples,0.75,2167.9049176699114,2006.238248925856
pharma_brand,TreeMMM,samples,0.8999999999999999,2300.326696907112,2176.814900454708
pharma_brand,TreeMMM,samples,1.05,2300.353526314164,2342.4164291718757
pharma_brand,TreeMMM,samples,1.2,2506.686740008249,2502.676581033266
pharma_brand,TreeMMM,samples,1.3499999999999999,2784.5269748398596,2668.1746692755496
pharma_brand,TreeMMM,samples,1.5,2792.39317175941,2827.512482352634
pharma_brand,TreeMMM,peer_programs,0.0,2020.9515568755705,2036.2188279254342
pharma_brand,TreeMMM,peer_programs,0.15,2195.356167300536,2097.240390806635
pharma_brand,TreeMMM,peer_programs,0.3,2195.5930291075338,2131.820046115016
pharma_brand,TreeMMM,peer_programs,0.44999999999999996,2342.398937609551,2163.024733614534
pharma_brand,TreeMMM,peer_programs,0.6,2350.1726567363853,2192.6966628107257
pharma_brand,TreeMMM,peer_programs,0.75,2368.7563716351056,2222.4686596952074
pharma_brand,TreeMMM,peer_programs,0.8999999999999999,2372.491306917268,2252.80153588202
pharma_brand,TreeMMM,peer_programs,1.05,2372.491306917268,2282.3673576959445
pharma_brand,TreeMMM,peer_programs,1.2,2372.491306917268,2312.724551271655
pharma_brand,TreeMMM,peer_programs,1.3499999999999999,2380.2870157839784,2341.072393515246
pharma_brand,TreeMMM,peer_programs,1.5,2430.490019903603,2367.955397340804
pharma_brand,TreeMMM,digital_impressions,0.0,2139.8572530582155,2107.6411149876517
pharma_brand,TreeMMM,digital_impressions,0.15,2140.130793450273,2147.2953042877666
pharma_brand,TreeMMM,digital_impressions,0.3,2148.4296400755393,2175.509401657963
pharma_brand,TreeMMM,digital_impressions,0.44999999999999996,2169.5777731689827,2197.8211910717037
pharma_brand,TreeMMM,digital_impressions,0.6,2190.2398918506874,2216.49787756247
pharma_brand,TreeMMM,digital_impressions,0.75,2213.565817218338,2232.7964381295124
pharma_brand,TreeMMM,digital_impressions,0.8999999999999999,2230.4467719155946,2247.7055957640923
pharma_brand,TreeMMM,digital_impressions,1.05,2230.5457359692045,2261.9521565118753
pharma_brand,TreeMMM,digital_impressions,1.2,2249.5504690511784,2275.6251329077145
pharma_brand,TreeMMM,digital_impressions,1.3499999999999999,2259.249564942004,2288.8769230001253
pharma_brand,TreeMMM,digital_impressions,1.5,2268.8663799956116,2301.6815367093977
pharma_brand,TreeMMM,conference,0.0,2230.5457359692045,2247.7919045751205
pharma_brand,TreeMMM,conference,0.15,2230.5457359692045,2249.255943821165
pharma_brand,TreeMMM,conference,0.3,2230.5457359692045,2250.5389723522094
pharma_brand,TreeMMM,conference,0.44999999999999996,2230.5457359692045,2251.676427241028
pharma_brand,TreeMMM,conference,0.6,2230.5457359692045,2252.698656911913
pharma_brand,TreeMMM,conference,0.75,2230.5457359692045,2253.6289012397033
pharma_brand,TreeMMM,conference,0.8999999999999999,2230.5457359692045,2254.484217444846
pharma_brand,TreeMMM,conference,1.05,2230.5457359692045,2255.3115014733503
pharma_brand,TreeMMM,conference,1.2,2230.5457359692045,2256.163097763565
pharma_brand,TreeMMM,conference,1.3499999999999999,2230.5457359692045,2256.9702859929903
pharma_brand,TreeMMM,conference,1.5,2230.5457359692045,2257.7400288770505
pharma_brand,GLMM-Naive,rep_visits,0.0,13.879074027514234,444.4032478248782
pharma_brand,GLMM-Naive,rep_visits,0.15,18.342540744959454,800.1126116088252
pharma_brand,GLMM-Naive,rep_visits,0.3,25.52716143991514,1141.7097886659774
pharma_brand,GLMM-Naive,rep_visits,0.44999999999999996,36.98448183976727,1445.8132141384522
pharma_brand,GLMM-Naive,rep_visits,0.6,53.10955980112145,1712.778270253097
pharma_brand,GLMM-Naive,rep_visits,0.75,73.66759718565415,1954.5544587869222
pharma_brand,GLMM-Naive,rep_visits,0.8999999999999999,84.96747483407547,2179.305311641153
pharma_brand,GLMM-Naive,rep_visits,1.05,95.87623907590037,2393.579231205767
pharma_brand,GLMM-Naive,rep_visits,1.2,107.13966018469118,2596.8903045201223
pharma_brand,GLMM-Naive,rep_visits,1.3499999999999999,116.30354931412538,2806.202998515505
pharma_brand,GLMM-Naive,rep_visits,1.5,127.33327392398998,3003.7606979417933
pharma_brand,GLMM-Naive,dtc_advertising,0.0,256.3968948168374,1217.201090585289
pharma_brand,GLMM-Naive,dtc_advertising,0.15,323.8196117356357,1453.6577363252711
pharma_brand,GLMM-Naive,dtc_advertising,0.3,411.88465604700633,1621.35257818921
pharma_brand,GLMM-Naive,dtc_advertising,0.44999999999999996,527.6172521919241,1774.9907373119063
pharma_brand,GLMM-Naive,dtc_advertising,0.6,675.4795632471638,1919.191262607662
pharma_brand,GLMM-Naive,dtc_advertising,0.75,866.0070844939378,2055.66048184877
pharma_brand,GLMM-Naive,dtc_advertising,0.8999999999999999,1029.666922793986,2186.680585985539
pharma_brand,GLMM-Naive,dtc_advertising,1.05,1186.3302370113804,2313.5186574349286
pharma_brand,GLMM-Naive,dtc_advertising,1.2,1338.7106586898256,2436.144566268109
pharma_brand,GLMM-Naive,dtc_advertising,1.3499999999999999,1384.0196281972478,2556.86501707101
pharma_brand,GLMM-Naive,dtc_advertising,1.5,1415.3720000324897,2677.483213480451
pharma_brand,GLMM-Naive,samples,0.0,217.95607996137971,1032.4564622154567
pharma_brand,GLMM-Naive,samples,0.15,274.7215358607615,1239.796901151801
pharma_brand,GLMM-Naive,samples,0.3,350.5883715695353,1445.2226507942696
pharma_brand,GLMM-Naive,samples,0.44999999999999996,453.2585730876857,1640.9872812819372
pharma_brand,GLMM-Naive,samples,0.6,591.3736706845729,1827.768350038109
pharma_brand,GLMM-Naive,samples,0.75,774.3745228328756,2006.238248925856
pharma_brand,GLMM-Naive,samples,0.8999999999999999,968.24236207796,2176.814900454708
pharma_brand,GLMM-Naive,samples,1.05,1077.850146210511,2342.4164291718757
pharma_brand,GLMM-Naive,samples,1.2,1205.9342497023272,2502.676581033266
pharma_brand,GLMM-Naive,samples,1.3499999999999999,1354.8207825115103,2668.1746692755496
pharma_brand,GLMM-Naive,samples,1.5,1527.5247539666395,2827.512482352634
pharma_brand,GLMM-Naive,peer_programs,0.0,633.8951982199012,2036.2188279254342
pharma_brand,GLMM-Naive,peer_programs,0.15,701.8080142467643,2097.240390806635
pharma_brand,GLMM-Naive,peer_programs,0.3,781.5771042153236,2131.820046115016
pharma_brand,GLMM-Naive,peer_programs,0.44999999999999996,869.9235920357387,2163.024733614534
pharma_brand,GLMM-Naive,peer_programs,0.6,935.5126309024366,2192.6966628107257
pharma_brand,GLMM-Naive,peer_programs,0.75,1008.6274112836197,2222.4686596952074
pharma_brand,GLMM-Naive,peer_programs,0.8999999999999999,1030.1088225150143,2252.80153588202
pharma_brand,GLMM-Naive,peer_programs,1.05,1050.009952268867,2282.3673576959445
pharma_brand,GLMM-Naive,peer_programs,1.2,1064.4666233827177,2312.724551271655
pharma_brand,GLMM-Naive,peer_programs,1.3499999999999999,1079.5548710775404,2341.072393515246
pharma_brand,GLMM-Naive,peer_programs,1.5,1095.2194728535007,2367.955397340804
pharma_brand,GLMM-Naive,digital_impressions,0.0,1127.189759217117,2107.6411149876517
pharma_brand,GLMM-Naive,digital_impressions,0.15,1163.1121216081774,2147.2953042877666
pharma_brand,GLMM-Naive,digital_impressions,0.3,1200.5908712458834,2175.509401657963
pharma_brand,GLMM-Naive,digital_impressions,0.44999999999999996,1239.7039834599016,2197.8211910717037
pharma_brand,GLMM-Naive,digital_impressions,0.6,1280.466744454277,2216.49787756247
pharma_brand,GLMM-Naive,digital_impressions,0.75,1322.917650926551,2232.7964381295124
pharma_brand,GLMM-Naive,digital_impressions,0.8999999999999999,1344.2646449491497,2247.7055957640923
pharma_brand,GLMM-Naive,digital_impressions,1.05,1360.7843992012854,2261.9521565118753
pharma_brand,GLMM-Naive,digital_impressions,1.2,1377.3504147622552,2275.6251329077145
pharma_brand,GLMM-Naive,digital_impressions,1.3499999999999999,1394.142909114671,2288.8769230001253
pharma_brand,GLMM-Naive,digital_impressions,1.5,1409.8263010606297,2301.6815367093977
pharma_brand,GLMM-Naive,conference,0.0,1401.2896159928605,2247.7919045751205
pharma_brand,GLMM-Naive,conference,0.15,1400.855814813563,2249.255943821165
pharma_brand,GLMM-Naive,conference,0.3,1400.4239871066784,2250.5389723522094
pharma_brand,GLMM-Naive,conference,0.44999999999999996,1399.994123683301,2251.676427241028
pharma_brand,GLMM-Naive,conference,0.6,1399.566215397842,2252.698656911913
pharma_brand,GLMM-Naive,conference,0.75,1399.1402531478209,2253.6289012397033
pharma_brand,GLMM-Naive,conference,0.8999999999999999,1398.7162278736625,2254.484217444846
pharma_brand,GLMM-Naive,conference,1.05,1398.4036505054178,2255.3115014733503
pharma_brand,GLMM-Naive,conference,1.2,1398.3101118155917,2256.163097763565
pharma_brand,GLMM-Naive,conference,1.3499999999999999,1398.2155813548502,2256.9702859929903
pharma_brand,GLMM-Naive,conference,1.5,1398.120021156834,2257.7400288770505
cpg_brand,TreeMMM,tv_grps,0.0,5.0779907825664905,5.0337852800306155
cpg_brand,TreeMMM,tv_grps,0.15,6.360431568231398,5.892040456251293
cpg_brand,TreeMMM,tv_grps,0.3,6.4237965817704525,6.3087660198261855
cpg_brand,TreeMMM,tv_grps,0.44999999999999996,6.742681013525937,6.657105887462858
cpg_brand,TreeMMM,tv_grps,0.6,7.015088963382549,6.972790610021754
cpg_brand,TreeMMM,tv_grps,0.75,7.380152574496828,7.271615611880171
cpg_brand,TreeMMM,tv_grps,0.8999999999999999,7.678921895207375,7.562948402449882
cpg_brand,TreeMMM,tv_grps,1.05,7.708400015961273,7.850088451803938
cpg_brand,TreeMMM,tv_grps,1.2,8.225399647432848,8.13205286996546
cpg_brand,TreeMMM,tv_grps,1.3499999999999999,8.225399647432848,8.41382355337353
cpg_brand,TreeMMM,tv_grps,1.5,8.657723724584999,8.685375754781917
cpg_brand,TreeMMM,digital_spend,0.0,4.350646496377347,4.279979547860673
cpg_brand,TreeMMM,digital_spend,0.15,5.3834820532413925,4.7384093020991225
cpg_brand,TreeMMM,digital_spend,0.3,5.435248094720346,5.187675131488511
cpg_brand,TreeMMM,digital_spend,0.44999999999999996,5.74220589641093,5.652832956624877
cpg_brand,TreeMMM,digital_spend,0.6,6.260815123793486,6.148534832321089
cpg_brand,TreeMMM,digital_spend,0.75,6.949121368106254,6.681551200826489
cpg_brand,TreeMMM,digital_spend,0.8999999999999999,7.614767177100748,7.2467586422604775
cpg_brand,TreeMMM,digital_spend,1.05,7.614767177100748,7.832631148162498
cpg_brand,TreeMMM,digital_spend,1.2,8.878033942209354,8.428705346543225
cpg_brand,TreeMMM,digital_spend,1.3499999999999999,8.878033942209354,9.023047292977854
cpg_brand,TreeMMM,digital_spend,1.5,9.799176551408522,9.632683864250712
cpg_brand,TreeMMM,trade_promo,0.0,3.634159887502973,3.6589906601997986
cpg_brand,TreeMMM,trade_promo,0.15,5.289007081774523,3.9857366923076527
cpg_brand,TreeMMM,trade_promo,0.3,5.301588500319173,4.373619101204088
cpg_brand,TreeMMM,trade_promo,0.44999999999999996,5.481642002719922,4.839725191645298
cpg_brand,TreeMMM,trade_promo,0.6,5.89712101648802,5.405193272749429
cpg_brand,TreeMMM,trade_promo,0.75,6.849204866560523,6.0808348806247645
cpg_brand,TreeMMM,trade_promo,0.8999999999999999,7.719991449017236,6.850292877244044
cpg_brand,TreeMMM,trade_promo,1.05,7.719991449017236,7.6947704913124975
cpg_brand,TreeMMM,trade_promo,1.2,8.577898398585145,8.554585392831777
cpg_brand,TreeMMM,trade_promo,1.3499999999999999,10.543516570473042,9.518426369497028
cpg_brand,TreeMMM,trade_promo,1.5,10.543516570473042,10.293804635964038
cpg_brand,TreeMMM,instore_display,0.0,6.878447203955637,6.852845259017693
cpg_brand,TreeMMM,instore_display,0.15,7.872655118090439,7.166456237072619
cpg_brand,TreeMMM,instore_display,0.3,7.872973093871866,7.30549334727807
cpg_brand,TreeMMM,instore_display,0.44999999999999996,7.881918728405603,7.417809139067176
cpg_brand,TreeMMM,instore_display,0.6,7.9107322945354435,7.520539831552004
cpg_brand,TreeMMM,instore_display,0.75,7.998976717932425,7.622828803363569
cpg_brand,TreeMMM,instore_display,0.8999999999999999,8.01308814171424,7.731894921219712
cpg_brand,TreeMMM,instore_display,1.05,8.01308814171424,7.8371125488001505
cpg_brand,TreeMMM,instore_display,1.2,8.01308814171424,7.94566010366392
cpg_brand,TreeMMM,instore_display,1.3499999999999999,8.055279860214503,8.042700137511108
cpg_brand,TreeMMM,instore_display,1.5,8.222939233555397,8.133260197252834
cpg_brand,TreeMMM,social_media,0.0,7.190914689960642,7.195363518917558
cpg_brand,TreeMMM,social_media,0.15,7.500120533727886,7.327023504777717
cpg_brand,TreeMMM,social_media,0.3,7.503945780367074,7.427446227947696
cpg_brand,TreeMMM,social_media,0.44999999999999996,7.492827806734206,7.509731816519461
cpg_brand,TreeMMM,social_media,0.6,7.582097818386877,7.579899856065057
cpg_brand,TreeMMM,social_media,0.75,7.662110125903273,7.641617249983157
cpg_brand,TreeMMM,social_media,0.8999999999999999,7.7049044264164595,7.698132952769278
cpg_brand,TreeMMM,social_media,1.05,7.7049044264164595,7.752190150182483
cpg_brand,TreeMMM,social_media,1.2,7.728633825945349,7.8051119759785985
cpg_brand,TreeMMM,social_media,1.3499999999999999,7.83664883228118,7.8597993405479984
cpg_brand,TreeMMM,social_media,1.5,7.852893612441211,7.913011572459126
cpg_brand,GLMM-Naive,tv_grps,0.0,1.6307477493203828,5.0337852800306155
cpg_brand,GLMM-Naive,tv_grps,0.15,1.7133138682234448,5.892040456251293
cpg_brand,GLMM-Naive,tv_grps,0.3,1.799359742821541,6.3087660198261855
cpg_brand,GLMM-Naive,tv_grps,0.44999999999999996,1.8890584491821008,6.657105887462858
cpg_brand,GLMM-Naive,tv_grps,0.6,1.9825795743234569,6.972790610021754
cpg_brand,GLMM-Naive,tv_grps,0.75,2.079815146994438,7.271615611880171
cpg_brand,GLMM-Naive,tv_grps,0.8999999999999999,2.179905395053592,7.562948402449882
cpg_brand,GLMM-Naive,tv_grps,1.05,2.281900806107601,7.850088451803938
cpg_brand,GLMM-Naive,tv_grps,1.2,2.3854880663917677,8.13205286996546
cpg_brand,GLMM-Naive,tv_grps,1.3499999999999999,2.488012387020054,8.41382355337353
cpg_brand,GLMM-Naive,tv_grps,1.5,2.593249039307863,8.685375754781917
cpg_brand,GLMM-Naive,digital_spend,0.0,1.3740767611725815,4.279979547860673
cpg_brand,GLMM-Naive,digital_spend,0.15,1.4830363294740043,4.7384093020991225
cpg_brand,GLMM-Naive,digital_spend,0.3,1.5990859158691957,5.187675131488511
cpg_brand,GLMM-Naive,digital_spend,0.44999999999999996,1.7227850071832589,5.652832956624877
cpg_brand,GLMM-Naive,digital_spend,0.6,1.8546256707821729,6.148534832321089
cpg_brand,GLMM-Naive,digital_spend,0.75,1.994123700299207,6.681551200826489
cpg_brand,GLMM-Naive,digital_spend,0.8999999999999999,2.1390704898932276,7.2467586422604775
cpg_brand,GLMM-Naive,digital_spend,1.05,2.287211934262143,7.832631148162498
cpg_brand,GLMM-Naive,digital_spend,1.2,2.43713890080946,8.428705346543225
cpg_brand,GLMM-Naive,digital_spend,1.3499999999999999,2.5862986319614625,9.023047292977854
cpg_brand,GLMM-Naive,digital_spend,1.5,2.7382388628628145,9.632683864250712
cpg_brand,GLMM-Naive,trade_promo,0.0,0.9262633857595387,3.6589906601997986
cpg_brand,GLMM-Naive,trade_promo,0.15,1.0636464780484796,3.9857366923076527
cpg_brand,GLMM-Naive,trade_promo,0.3,1.217852061498636,4.373619101204088
cpg_brand,GLMM-Naive,trade_promo,0.44999999999999996,1.3915021989614376,4.839725191645298
cpg_brand,GLMM-Naive,trade_promo,0.6,1.5872515174466106,5.405193272749429
cpg_brand,GLMM-Naive,trade_promo,0.75,1.805336703821334,6.0808348806247645
cpg_brand,GLMM-Naive,trade_promo,0.8999999999999999,2.0409474786736466,6.850292877244044
cpg_brand,GLMM-Naive,trade_promo,1.05,2.289302128141702,7.6947704913124975
cpg_brand,GLMM-Naive,trade_promo,1.2,2.5404955377624567,8.554585392831777
cpg_brand,GLMM-Naive,trade_promo,1.3499999999999999,2.8078259288718637,9.518426369497028
cpg_brand,GLMM-Naive,trade_promo,1.5,3.043735342652562,10.293804635964038
cpg_brand,GLMM-Naive,instore_display,0.0,2.046425481365736,6.852845259017693
cpg_brand,GLMM-Naive,instore_display,0.15,2.0756469899756125,7.166456237072619
cpg_brand,GLMM-Naive,instore_display,0.3,2.1054333072828277,7.30549334727807
cpg_brand,GLMM-Naive,instore_display,0.44999999999999996,2.135797654081056,7.417809139067176
cpg_brand,GLMM-Naive,instore_display,0.6,2.1667347835311936,7.520539831552004
cpg_brand,GLMM-Naive,instore_display,0.75,2.1981379808275525,7.622828803363569
cpg_brand,GLMM-Naive,instore_display,0.8999999999999999,2.2297614714282212,7.731894921219712
cpg_brand,GLMM-Naive,instore_display,1.05,2.261614388000471,7.8371125488001505
cpg_brand,GLMM-Naive,instore_display,1.2,2.2933156378364887,7.94566010366392
cpg_brand,GLMM-Naive,instore_display,1.3499999999999999,2.325363997195646,8.042700137511108
cpg_brand,GLMM-Naive,instore_display,1.5,2.357719358913618,8.133260197252834
cpg_brand,GLMM-Naive,social_media,0.0,2.134346140403347,7.195363518917558
cpg_brand,GLMM-Naive,social_media,0.15,2.1516286822574164,7.327023504777717
cpg_brand,GLMM-Naive,social_media,0.3,2.1690548174817312,7.427446227947696
cpg_brand,GLMM-Naive,social_media,0.44999999999999996,2.1866259737770504,7.509731816519461
cpg_brand,GLMM-Naive,social_media,0.6,2.2043435837550125,7.579899856065057
cpg_brand,GLMM-Naive,social_media,0.75,2.2221943229107106,7.641617249983157
cpg_brand,GLMM-Naive,social_media,0.8999999999999999,2.2401523945056754,7.698132952769278
cpg_brand,GLMM-Naive,social_media,1.05,2.258186353185131,7.752190150182483
cpg_brand,GLMM-Naive,social_media,1.2,2.2762773275735113,7.8051119759785985
cpg_brand,GLMM-Naive,social_media,1.3499999999999999,2.2943455129981407,7.8597993405479984
cpg_brand,GLMM-Naive,social_media,1.5,2.312444105238747,7.913011572459126
saas_brand,TreeMMM,sdr_outreach,0.0,4.230751104709564,4.190137732015213
saas_brand,TreeMMM,sdr_outreach,0.15,4.876299805636377,4.505328228086204
saas_brand,TreeMMM,sdr_outreach,0.3,4.884783917702096,4.7044652671991765
saas_brand,TreeMMM,sdr_outreach,0.44999999999999996,4.963073670573371,4.892486380194385
saas_brand,TreeMMM,sdr_outreach,0.6,5.197620147569252,5.08046837498265
saas_brand,TreeMMM,sdr_outreach,0.75,5.4331397377325485,5.273594736017938
saas_brand,TreeMMM,sdr_outreach,0.8999999999999999,5.641350328806464,5.472799052992508
saas_brand,TreeMMM,sdr_outreach,1.05,5.641350328806464,5.677040230326534
saas_brand,TreeMMM,sdr_outreach,1.2,5.813086111729348,5.884075969744972
saas_brand,TreeMMM,sdr_outreach,1.3499999999999999,6.14063488256498,6.0903898770154035
saas_brand,TreeMMM,sdr_outreach,1.5,6.244752368776108,6.296468759675453
saas_brand,TreeMMM,content_downloads,0.0,3.0304406734350806,2.976713609709296
saas_brand,TreeMMM,content_downloads,0.15,3.7737701554650567,3.360568995300563
saas_brand,TreeMMM,content_downloads,0.3,3.8395433042047844,3.7175247914209946
saas_brand,TreeMMM,content_downloads,0.44999999999999996,4.1584829817661895,4.07473603185567
saas_brand,TreeMMM,content_downloads,0.6,4.492985256814555,4.447112778605204
saas_brand,TreeMMM,content_downloads,0.75,4.984403844780647,4.84280312918787
saas_brand,TreeMMM,content_downloads,0.8999999999999999,5.465584876461537,5.261902476429415
saas_brand,TreeMMM,content_downloads,1.05,5.526495190175884,5.699627032693478
saas_brand,TreeMMM,content_downloads,1.2,6.3418273175271835,6.154534288413689
saas_brand,TreeMMM,content_downloads,1.3499999999999999,6.3418273175271835,6.597262481161046
saas_brand,TreeMMM,content_downloads,1.5,7.120562724890416,7.065793990421245
saas_brand,TreeMMM,paid_search,0.0,4.687968170608508,4.6868232919413995
saas_brand,TreeMMM,paid_search,0.15,5.265071150951771,4.9007072994283
saas_brand,TreeMMM,paid_search,0.3,5.271451369707172,5.069470002212648
saas_brand,TreeMMM,paid_search,0.44999999999999996,5.247262544201154,5.211183798496896
saas_brand,TreeMMM,paid_search,0.6,5.41102933563281,5.334419705590772
saas_brand,TreeMMM,paid_search,0.75,5.555175272534675,5.444578653468256
saas_brand,TreeMMM,paid_search,0.8999999999999999,5.638642089041162,5.546477550433955
saas_brand,TreeMMM,paid_search,1.05,5.638642089041162,5.644242570411325
saas_brand,TreeMMM,paid_search,1.2,5.706826419175112,5.739944672879329
saas_brand,TreeMMM,paid_search,1.3499999999999999,5.888087148606488,5.838069321776211
saas_brand,TreeMMM,paid_search,1.5,5.91332283913821,5.933907046370656
saas_brand,TreeMMM,event_attendance,0.0,3.4983225358732652,3.476547719243207
saas_brand,TreeMMM,event_attendance,0.15,5.752318446924128,3.8130155323418293
saas_brand,TreeMMM,event_attendance,0.3,5.752906358057199,4.0681671964392985
saas_brand,TreeMMM,event_attendance,0.44999999999999996,5.779361725270576,4.336006141441228
saas_brand,TreeMMM,event_attendance,0.6,5.894145947461465,4.631328488145121
saas_brand,TreeMMM,event_attendance,0.75,6.3518649110132195,4.961583211598608
saas_brand,TreeMMM,event_attendance,0.8999999999999999,6.51364652077316,5.318849142066882
saas_brand,TreeMMM,event_attendance,1.05,6.51364652077316,5.697497952246544
saas_brand,TreeMMM,event_attendance,1.2,6.51364652077316,6.073245483197458
saas_brand,TreeMMM,event_attendance,1.3499999999999999,7.140719854605064,6.475093612777142
saas_brand,TreeMMM,event_attendance,1.5,8.19077808510476,6.909309654731312
saas_brand,TreeMMM,csm_meetings,0.0,3.852283287728782,3.9229177680912457
saas_brand,TreeMMM,csm_meetings,0.15,5.438109340809057,4.164187066495307
saas_brand,TreeMMM,csm_meetings,0.3,5.439546186902427,4.403573326020665
saas_brand,TreeMMM,csm_meetings,0.44999999999999996,5.475863575538146,4.645789648591623
saas_brand,TreeMMM,csm_meetings,0.6,5.598201915881061,4.89375272974874
saas_brand,TreeMMM,csm_meetings,0.75,5.977010277674678,5.148139409158574
saas_brand,TreeMMM,csm_meetings,0.8999999999999999,6.095503554993823,5.406616389750591
saas_brand,TreeMMM,csm_meetings,1.05,6.095503554993823,5.668934134501259
saas_brand,TreeMMM,csm_meetings,1.2,6.095503554993823,5.928008715214134
saas_brand,TreeMMM,csm_meetings,1.3499999999999999,6.450026444654765,6.193250092897045
saas_brand,TreeMMM,csm_meetings,1.5,7.15016870681243,6.464494678543408
saas_brand,GLMM-Naive,sdr_outreach,0.0,1.5167914015816129,4.190137732015213
saas_brand,GLMM-Naive,sdr_outreach,0.15,1.573116209482555,4.505328228086204
saas_brand,GLMM-Naive,sdr_outreach,0.3,1.6313522173071187,4.7044652671991765
saas_brand,GLMM-Naive,sdr_outreach,0.44999999999999996,1.6915759932229244,4.892486380194385
saas_brand,GLMM-Naive,sdr_outreach,0.6,1.7538631122695045,5.08046837498265
saas_brand,GLMM-Naive,sdr_outreach,0.75,1.8181742376278014,5.273594736017938
saas_brand,GLMM-Naive,sdr_outreach,0.8999999999999999,1.8841680655023716,5.472799052992508
saas_brand,GLMM-Naive,sdr_outreach,1.05,1.9513711475505608,5.677040230326534
saas_brand,GLMM-Naive,sdr_outreach,1.2,2.0193955088208417,5.884075969744972
saas_brand,GLMM-Naive,sdr_outreach,1.3499999999999999,2.087107408811109,6.0903898770154035
saas_brand,GLMM-Naive,sdr_outreach,1.5,2.1552572275380006,6.296468759675453
saas_brand,GLMM-Naive,content_downloads,0.0,1.1439720740581618,2.976713609709296
saas_brand,GLMM-Naive,content_downloads,0.15,1.2425463900959333,3.360568995300563
saas_brand,GLMM-Naive,content_downloads,0.3,1.3472285516113673,3.7175247914209946
saas_brand,GLMM-Naive,content_downloads,0.44999999999999996,1.4584637351516496,4.07473603185567
saas_brand,GLMM-Naive,content_downloads,0.6,1.5767166191677584,4.447112778605204
saas_brand,GLMM-Naive,content_downloads,0.75,1.7019837687293518,4.84280312918787
saas_brand,GLMM-Naive,content_downloads,0.8999999999999999,1.8327992140643916,5.261902476429415
saas_brand,GLMM-Naive,content_downloads,1.05,1.9673109806416926,5.699627032693478
saas_brand,GLMM-Naive,content_downloads,1.2,2.104934750294435,6.154534288413689
saas_brand,GLMM-Naive,content_downloads,1.3499999999999999,2.2407841832258333,6.597262481161046
saas_brand,GLMM-Naive,content_downloads,1.5,2.3819689434044315,7.065793990421245
saas_brand,GLMM-Naive,paid_search,0.0,1.6798880402822078,4.6868232919413995
saas_brand,GLMM-Naive,paid_search,0.15,1.715434204572123,4.9007072994283
saas_brand,GLMM-Naive,paid_search,0.3,1.7516914030783346,5.069470002212648
saas_brand,GLMM-Naive,paid_search,0.44999999999999996,1.7886755348017593,5.211183798496896
saas_brand,GLMM-Naive,paid_search,0.6,1.826398937553505,5.334419705590772
saas_brand,GLMM-Naive,paid_search,0.75,1.8648379928159098,5.444578653468256
saas_brand,GLMM-Naive,paid_search,0.8999999999999999,1.903872405254906,5.546477550433955
saas_brand,GLMM-Naive,paid_search,1.05,1.9432990397703283,5.644242570411325
saas_brand,GLMM-Naive,paid_search,1.2,1.9829683385742103,5.739944672879329
saas_brand,GLMM-Naive,paid_search,1.3499999999999999,2.022473893987444,5.838069321776211
saas_brand,GLMM-Naive,paid_search,1.5,2.0621082357758156,5.933907046370656
saas_brand,GLMM-Naive,event_attendance,0.0,1.2134687187960647,3.476547719243207
saas_brand,GLMM-Naive,event_attendance,0.15,1.2967039225124881,3.8130155323418293
saas_brand,GLMM-Naive,event_attendance,0.3,1.3871374538742933,4.0681671964392985
saas_brand,GLMM-Naive,event_attendance,0.44999999999999996,1.4855556993816346,4.336006141441228
saas_brand,GLMM-Naive,event_attendance,0.6,1.5926871937458533,4.631328488145121
saas_brand,GLMM-Naive,event_attendance,0.75,1.70862849620544,4.961583211598608
saas_brand,GLMM-Naive,event_attendance,0.8999999999999999,1.8306924994416527,5.318849142066882
saas_brand,GLMM-Naive,event_attendance,1.05,1.9578312016361872,5.697497952246544
saas_brand,GLMM-Naive,event_attendance,1.2,2.0833409045575477,6.073245483197458
saas_brand,GLMM-Naive,event_attendance,1.3499999999999999,2.2165989207204224,6.475093612777142
saas_brand,GLMM-Naive,event_attendance,1.5,2.3576868085836233,6.909309654731312
saas_brand,GLMM-Naive,csm_meetings,0.0,1.3365162765631082,3.9229177680912457
saas_brand,GLMM-Naive,csm_meetings,0.15,1.4103218210098296,4.164187066495307
saas_brand,GLMM-Naive,csm_meetings,0.3,1.4888764232701184,4.403573326020665
saas_brand,GLMM-Naive,csm_meetings,0.44999999999999996,1.572557618130392,4.645789648591623
saas_brand,GLMM-Naive,csm_meetings,0.6,1.6615924193722755,4.89375272974874
saas_brand,GLMM-Naive,csm_meetings,0.75,1.7555423900753646,5.148139409158574
saas_brand,GLMM-Naive,csm_meetings,0.8999999999999999,1.8518617125163432,5.406616389750591
saas_brand,GLMM-Naive,csm_meetings,1.05,1.9503762828452185,5.668934134501259
saas_brand,GLMM-Naive,csm_meetings,1.2,2.0468615658432343,5.928008715214134
saas_brand,GLMM-Naive,csm_meetings,1.3499999999999999,2.1470306699729025,6.193250092897045
saas_brand,GLMM-Naive,csm_meetings,1.5,2.2505909457691207,6.464494678543408
linear_baseline,TreeMMM,channel_a,0.0,10.485815034810736,10.47283995284038
linear_baseline,TreeMMM,channel_a,0.15,11.947344765909692,11.594064952840377
linear_baseline,TreeMMM,channel_a,0.3,12.906577054987501,12.71528995284038
linear_baseline,TreeMMM,channel_a,0.44999999999999996,13.852670693660304,13.836514952840378
linear_baseline,TreeMMM,channel_a,0.6,15.079710093768075,14.957739952840377
linear_baseline,TreeMMM,channel_a,0.75,15.896098875951354,16.07896495284038
linear_baseline,TreeMMM,channel_a,0.8999999999999999,17.11932282959733,17.20018995284038
linear_baseline,TreeMMM,channel_a,1.05,18.071509870970573,18.321414952840374
linear_baseline,TreeMMM,channel_a,1.2,19.43506548502059,19.442639952840377
linear_baseline,TreeMMM,channel_a,1.3499999999999999,20.66606316374212,20.563864952840376
linear_baseline,TreeMMM,channel_a,1.5,21.623635009333025,21.68508995284038
linear_baseline,TreeMMM,channel_b,0.0,13.959911920997982,13.950978841729267
linear_baseline,TreeMMM,channel_b,0.15,14.826570547185373,14.550483008395933
linear_baseline,TreeMMM,channel_b,0.3,15.160962010513686,15.1499871750626
linear_baseline,TreeMMM,channel_b,0.44999999999999996,15.832071481740464,15.749491341729264
linear_baseline,TreeMMM,channel_b,0.6,16.387360369419284,16.348995508395934
linear_baseline,TreeMMM,channel_b,0.75,16.83071131900481,16.9484996750626
linear_baseline,TreeMMM,channel_b,0.8999999999999999,17.4938026228538,17.548003841729265
linear_baseline,TreeMMM,channel_b,1.05,18.04678579720222,18.147508008395935
linear_baseline,TreeMMM,channel_b,1.2,18.82535481681892,18.747012175062597
linear_baseline,TreeMMM,channel_b,1.3499999999999999,19.378555659053706,19.346516341729266
linear_baseline,TreeMMM,channel_b,1.5,19.937922180691906,19.94602050839593
linear_baseline,TreeMMM,channel_c,0.0,16.444250167282842,16.44553439728482
linear_baseline,TreeMMM,channel_c,0.15,16.84547180209884,16.670855230618155
linear_baseline,TreeMMM,channel_c,0.3,16.92077669884303,16.89617606395149
linear_baseline,TreeMMM,channel_c,0.44999999999999996,17.20954514767064,17.121496897284825
linear_baseline,TreeMMM,channel_c,0.6,17.361063324489642,17.346817730618156
linear_baseline,TreeMMM,channel_c,0.75,17.504264252050003,17.57213856395149
linear_baseline,TreeMMM,channel_c,0.8999999999999999,17.860958814336374,17.797459397284822
linear_baseline,TreeMMM,channel_c,1.05,18.004275430779902,18.022780230618157
linear_baseline,TreeMMM,channel_c,1.2,18.365744435464563,18.248101063951488
linear_baseline,TreeMMM,channel_c,1.3499999999999999,18.436697738055624,18.47342189728482
linear_baseline,TreeMMM,channel_c,1.5,18.726672172381402,18.698742730618154
linear_baseline,GLMM-Naive,channel_a,0.0,10.472507154537718,10.47283995284038
linear_baseline,GLMM-Naive,channel_a,0.15,11.593791595599301,11.594064952840377
linear_baseline,GLMM-Naive,channel_a,0.3,12.715076036660882,12.71528995284038
linear_baseline,GLMM-Naive,channel_a,0.44999999999999996,13.836360477722463,13.836514952840378
linear_baseline,GLMM-Naive,channel_a,0.6,14.957644918784046,14.957739952840377
linear_baseline,GLMM-Naive,channel_a,0.75,16.078929359845624,16.07896495284038
linear_baseline,GLMM-Naive,channel_a,0.8999999999999999,17.200213800907207,17.20018995284038
linear_baseline,GLMM-Naive,channel_a,1.05,18.321498241968786,18.321414952840374
linear_baseline,GLMM-Naive,channel_a,1.2,19.44278268303037,19.442639952840377
linear_baseline,GLMM-Naive,channel_a,1.3499999999999999,20.564067124091945,20.563864952840376
linear_baseline,GLMM-Naive,channel_a,1.5,21.68535156515353,21.68508995284038
linear_baseline,GLMM-Naive,channel_b,0.0,13.94948444638654,13.950978841729267
linear_baseline,GLMM-Naive,channel_b,0.15,14.549222293670798,14.550483008395933
linear_baseline,GLMM-Naive,channel_b,0.3,15.148960140955054,15.1499871750626
linear_baseline,GLMM-Naive,channel_b,0.44999999999999996,15.748697988239316,15.749491341729264
linear_baseline,GLMM-Naive,channel_b,0.6,16.348435835523574,16.348995508395934
linear_baseline,GLMM-Naive,channel_b,0.75,16.94817368280783,16.9484996750626
linear_baseline,GLMM-Naive,channel_b,0.8999999999999999,17.54791153009209,17.548003841729265
linear_baseline,GLMM-Naive,channel_b,1.05,18.147649377376347,18.147508008395935
linear_baseline,GLMM-Naive,channel_b,1.2,18.747387224660606,18.747012175062597
linear_baseline,GLMM-Naive,channel_b,1.3499999999999999,19.347125071944863,19.346516341729266
linear_baseline,GLMM-Naive,channel_b,1.5,19.946862919229122,19.94602050839593
linear_baseline,GLMM-Naive,channel_c,0.0,16.443337756923828,16.44553439728482
linear_baseline,GLMM-Naive,channel_c,0.15,16.668997607627492,16.670855230618155
linear_baseline,GLMM-Naive,channel_c,0.3,16.894657458331157,16.89617606395149
linear_baseline,GLMM-Naive,channel_c,0.44999999999999996,17.12031730903482,17.121496897284825
linear_baseline,GLMM-Naive,channel_c,0.6,17.345977159738485,17.346817730618156
linear_baseline,GLMM-Naive,channel_c,0.75,17.571637010442153,17.57213856395149
linear_baseline,GLMM-Naive,channel_c,0.8999999999999999,17.797296861145817,17.797459397284822
linear_baseline,GLMM-Naive,channel_c,1.05,18.02295671184948,18.022780230618157
linear_baseline,GLMM-Naive,channel_c,1.2,18.248616562553146,18.248101063951488
linear_baseline,GLMM-Naive,channel_c,1.3499999999999999,18.47427641325681,18.47342189728482
linear_baseline,GLMM-Naive,channel_c,1.5,18.69993626396048,18.698742730618154
